{"type": "block", "layer": 0, "block": 1, "features": [{"geom": {"polygons": [[[[-143.85396490618587, -91.64370423508808], [-143.9052048334852, -95.8821900789626], [-142.53869664296508, -95.87779089878313], [-129.0544119924307, -95.82061162218451], [-129.0234189229086, -97.69738047057763], [-128.68754035700113, -97.69631744874641], [-128.65145640354604, -109.11745657166466], [-128.58817005716264, -110.9182310802862], [-140.31638047192246, -111.08069628151134], [-142.0936682606116, -111.10531234717928], [-141.98440680932254, -115.47975630522706], [-145.70112763158977, -115.5536828583572], [-152.78956555575132, -115.69466875400394], [-152.89374691992998, -109.19492495525628], [-152.92568344529718, -99.08074957923964], [-156.71641578432173, -98.50902816536836], [-156.79136123135686, -95.92343242350034], [-157.207602487877, -95.8783677124884], [-157.13863361161202, -92.16083870525472], [-157.1279296623543, -91.584039574489], [-143.85183601360768, -91.46838344587013], [-143.85396490618587, -91.64370423508808]]]], "centroids": [[-142.96327124722302, -103.14928574790247, 10.55898666381836]], "h": 5.613}, "mtl": {"idx": 0}}, {"geom": {"polygons": [[[[-186.43289456423372, -110.25081216311082], [-180.0921243466437, -118.20922251255251], [-163.94993158522993, -117.6161161805503], [-159.8203857112676, -117.46432466921397], [-144.89157092478126, -116.91580722830258], [-141.93927067518234, -116.80730392388068], [-134.47084080800414, -124.65918126143515], [-135.6453677015379, -126.07225304585882], [-136.95937084313482, -127.39323560311459], [-137.29253859817982, -127.63138949871063], [-138.37271949928254, -128.40365415462293], [-140.14574216585606, -129.64091373607516], [-142.17448505200446, -130.9260871137958], [-143.66259951796383, -131.70368630019948], [-145.99652575142682, -132.83004256198183], [-147.8425522837788, -133.6283759130165], [-149.6363675724715, -134.29871052037925], [-151.88920249138027, -134.8852185551077], [-153.50211714301258, -135.3003375432454], [-155.5232900455594, -135.6581857111305], [-158.207714301534, -135.90357197192498], [-160.48222100548446, -136.00001897197217], [-163.31835407577455, -136.03690871899016], [-165.82057978399098, -135.84649065625854], [-170.6936468705535, -135.02922537573613], [-170.85287496168166, -132.11805305746384], [-174.95705384481698, -132.277129071299], [-174.89740019850433, -133.6282041668892], [-176.12004783656448, -133.17228470253758], [-177.6471024947241, -132.47996063320898], [-180.39556030649692, -131.17685290588997], [-182.47911150567234, -129.83154916972853], [-183.95245177019387, -128.83032770850696], [-185.32380553148687, -127.85628622444347], [-186.69355336762965, -126.70165589964017], [-188.77176905050874, -124.76292956387624], [-190.26600880734622, -123.24530220334418], [-191.83351550158113, -121.36530205374584], [-192.9197062123567, -119.95670460816473], [-193.72710472811013, -118.80997554445639], [-194.8353370204568, -117.03973290277645], [-186.43289456423372, -110.25081216311082]]]], "centroids": [[-164.30131297837943, -124.6877979717683, 10.846903800964355]], "h": 9.305}, "mtl": {"idx": 0}}, {"geom": {"polygons": [[[[64.5910382727161, 843.3224830836989], [66.83232859708369, 840.1941684780177], [68.424266804941, 837.972140602069], [68.13191654905677, 837.7600017923396], [70.23734714649618, 834.8211971705314], [58.41519872285426, 826.2427296433598], [56.29093337710947, 829.2078426468652], [55.766199404373765, 828.8269668747671], [51.74112009163946, 834.4451241532806], [54.776561693288386, 836.6478235947434], [52.90147845260799, 839.265069994377], [53.478696063160896, 839.6839608319569], [59.21530201099813, 843.8466639840044], [59.88575388118625, 842.9108723730315], [63.32076680660248, 845.4033985147253], [62.54841949604452, 846.4813484686892], [61.65492961741984, 847.7284858366475], [61.319497518241405, 848.1968460245989], [64.53637463320047, 850.5310964896344], [64.92162214126438, 849.9933078447357], [67.95306562446058, 845.7620785648469], [66.54451578855515, 844.7400213682558], [64.5910382727161, 843.3224830836989]]]], "centroids": [[61.07198182679713, 837.0939902269747, 52.522430419921875]], "h": 8.567}, "mtl": {"idx": 0}}, {"geom": {"polygons": [[[[151.13206047471613, 711.4842926890124], [149.86799356341362, 702.086695678765], [157.2991332197562, 701.0743714920245], [156.5224772579968, 695.3002787309233], [155.56020939908922, 688.1459532941226], [139.78533096425235, 690.2949696839787], [138.80722015351057, 688.7212540796027], [136.10576973948628, 686.6914989170618], [132.6652725432068, 685.4998835967854], [128.485675053671, 685.1208915784955], [123.64495740737766, 685.1977491895668], [119.33299871720374, 685.9662416668143], [115.80484862066805, 687.0705584269017], [112.27513906173408, 688.5064878603444], [110.50191767327487, 689.4925179835409], [109.78396832663566, 690.0353446479421], [106.24529083073139, 694.8640634310432], [98.55468609184027, 695.9118483304046], [99.13936289586127, 700.2585887953173], [96.49769145343453, 700.6184430094436], [96.9696222031489, 704.1274548817892], [99.92671677377075, 703.7246176840272], [100.22791082318872, 705.9637594441883], [101.87293661385775, 718.1948702216614], [151.13206047471613, 711.4842926890124]]]], "centroids": [[126.43122743815184, 701.2432926676702, 27.2539005279541]], "h": 17.864}, "mtl": {"idx": 0}}, {"geom": {"polygons": [[[[-92.67757756449282, 678.9393502350431], [-80.44662399496883, 653.8094050621148], [-76.29771249555051, 655.8546506743878], [-73.51935198251158, 650.1462161925156], [-72.00126276444644, 650.901333641028], [-66.69068669062108, 650.437227281509], [-52.8086773743853, 622.3586702928878], [-62.91168938204646, 617.5555719763506], [-72.22080492507666, 612.9665160735603], [-72.5334915407002, 612.8123962581158], [-74.26821776852012, 616.3766503981315], [-78.11618968099356, 624.2827415473294], [-78.45781685132533, 624.9845692799427], [-102.38817619532347, 674.1524279585574], [-103.83428690116853, 677.0412971747573], [-100.81468626111746, 678.4701927278657], [-99.3586389804259, 675.6459099291824], [-92.67757756449282, 678.9393502350431]]]], "centroids": [[-77.0674901008606, 642.8072425257415, 50.57680130004883]], "h": 22.752}, "mtl": {"idx": 0}}, {"geom": {"polygons": [[[[252.62670586630702, 524.2688699690625], [248.61972365528345, 509.0042997507844], [246.1728089908138, 509.4996471579652], [246.10633765812963, 505.7911890645046], [248.56563001591712, 506.3862772071734], [252.5440118405968, 491.1449953012634], [241.69707224424928, 488.54500589193776], [238.79702637530863, 499.3620729651302], [238.59468852449208, 500.11654769675806], [237.7319847960025, 503.33455268340185], [235.35439351107925, 502.6370400188025], [234.64681663922966, 507.71333362162113], [235.48873842973262, 512.6370615891647], [237.65917911939323, 511.9997470008675], [238.83368299435824, 516.3389878696762], [239.17656525131315, 517.6056893263012], [241.76968707423657, 527.1857955076266], [252.62670586630702, 524.2688699690625]]]], "centroids": [[244.18234131205827, 507.8196658457164, 14.096077919006348]], "h": 20.307}, "mtl": {"idx": 0}}, {"geom": {"polygons": [[[[-131.8339940905571, -268.3663351694122], [-132.68021009024233, -279.0386984758079], [-144.55063985660672, -278.19302724534646], [-144.59776421636343, -278.18970915162936], [-148.03805330209434, -277.9445957909338], [-159.87326738797128, -277.1014327490702], [-159.9543747091666, -277.0957008926198], [-165.0536696249619, -276.7323003606871], [-165.28490544389933, -279.8735913229175], [-178.29693507123739, -278.87246136390604], [-178.32988830376416, -279.6247283825651], [-233.8293850645423, -275.4242216462735], [-232.76683062594384, -259.9649701016024], [-177.15147578995675, -264.00005625816993], [-177.21656829398125, -264.9091068764683], [-131.8339940905571, -268.3663351694122]]]], "centroids": [[-186.76477852556854, -270.7854904420674, 9.510066032409668]], "h": 6.134},